model,split,group,id,dice,precision,recall,fp,fn
baseline,val,trainset,00000005,0.9945854819246854,0.9968708930471244,0.9923105258311078,1150,2839
candidate,val,trainset,00000005,0.9931831585198261,0.998898645224038,0.9875327053189819,402,4603
baseline,val,trainset,00000007,0.9894551577582261,0.9793016508736904,0.9998214158154154,34316,290
candidate,val,trainset,00000007,0.9906569327024448,0.9821259763414596,0.9993373910944378,29534,1076
baseline,val,trainset,00000008,0.9889611736167709,0.9915768910894919,0.98635922003213,871,1418
candidate,val,trainset,00000008,0.986152382062188,0.9955785614148603,0.9769030234817658,451,2401
baseline,val,trainset,00000012,0.9840569600054226,0.9697843488716447,0.9987559550767925,5428,217
candidate,val,trainset,00000012,0.9883281752223103,0.9799427418536761,0.9968583565994577,3559,548
baseline,val,trainset,00000038,0.9930747957052237,0.9973515173054951,0.9888345953349572,2638,11217
candidate,val,trainset,00000038,0.9862778722054684,0.9993532051596449,0.9735402704104333,633,26582
baseline,val,trainset,00000042,0.9966010243956664,0.9988366138822173,0.9943754199238538,1086,5274
candidate,val,trainset,00000042,0.9949013738694206,0.9998039889329136,0.9900466048823147,182,9333
baseline,val,trainset,00000060,0.997270023695985,0.9971982805133347,0.9973417772024691,4284,4064
candidate,val,trainset,00000060,0.9968703295378174,0.998808865611937,0.9949393036947596,1814,7737
baseline,val,trainset,00000062,0.982871414311337,0.9750577986791128,0.990811270225629,3161,1146
candidate,val,trainset,00000062,0.983728427535767,0.9839020164589248,0.9835548998540707,2007,2051
baseline,val,trainset,00000078,0.997000409187086,0.9981209279907061,0.9958824034145121,3649,8014
candidate,val,trainset,00000078,0.9947987111274846,0.9997281004077456,0.9899176943103283,524,19623
baseline,val,trainset,00000090,0.9966699676291477,0.994341182181192,0.9990096868954317,4943,861
candidate,val,trainset,00000090,0.9971783324940652,0.9978783763705033,0.9964792701357914,1842,3061
baseline,val,trainset,00000093,0.9946321078714339,0.996988301458262,0.9922870248640828,4177,10748
candidate,val,trainset,00000093,0.9934053356272968,0.9977825606320897,0.9890663482349429,3063,15236
baseline,val,trainset,00000094,0.9953243587291837,0.9977441170348209,0.9929163089653206,2330,7352
candidate,val,trainset,00000094,0.9920866200587485,0.999580411783289,0.9847043532133384,429,15875
baseline,val,trainset,00000107,0.9920934051444686,0.9982353200177048,0.9860266077012173,1523,12209
candidate,val,trainset,00000107,0.9893837638248488,0.9988126756785127,0.9801312072809512,1018,17360
baseline,val,trainset,00000130,0.9852296250453488,0.9977874074034051,0.9729840090624094,1638,20510
candidate,val,trainset,00000130,0.979127884284007,0.999143085522807,0.959898838220185,625,30444
baseline,val,trainset,00000144,0.9766487516878029,0.9573352710663587,0.9967575454619146,1644,120
candidate,val,trainset,00000144,0.9682109316672561,0.9395495449692409,0.9986759977302818,2378,49
baseline,val,trainset,00000150,0.9870542632476199,0.9744999916678414,0.9999362242834822,56618,138
candidate,val,trainset,00000150,0.9900560128884802,0.9807390243681247,0.9995517214128817,42477,970
baseline,val,trainset,00000155,0.9968430296103723,0.9989845431069091,0.994710677957193,2924,15296
candidate,val,trainset,00000155,0.9953888659388525,0.9997010836676232,0.9911136899937203,857,25698
baseline,val,trainset,00000174,0.9837875340523002,0.9704530815063609,0.9974935343235055,10275,848
candidate,val,trainset,00000174,0.9872427143698218,0.980832963801433,0.9937367915465898,6570,2119
baseline,val,trainset,00000178,0.9927426896495323,0.9856394429312011,0.9999490620654855,36610,128
candidate,val,trainset,00000178,0.9949008940613266,0.9901215455067497,0.9997266065545979,25064,687
baseline,val,trainset,00000179,0.98937952372771,0.997127365003433,0.981751158072559,3824,24673
candidate,val,trainset,00000179,0.989201705013428,0.9901609142931672,0.9882443523854113,13277,15894
baseline,val,trainset,00000181,0.993679690463429,0.987841049806583,0.999587760124526,31696,1062
candidate,val,trainset,00000181,0.9956251894622041,0.9930113431010037,0.9982528326934946,18099,4501
baseline,val,trainset,00000183,0.9942170265746328,0.993163196138873,0.9952730957929821,11236,7752
candidate,val,trainset,00000183,0.992421415792345,0.9882394055793745,0.9966389711056395,19451,5512
baseline,val,trainset,00000191,0.9755409615222699,0.9679211394678585,0.983281707472313,768,394
candidate,val,trainset,00000191,0.9760296315003052,0.9682254697286012,0.9839606229049094,761,378
baseline,val,trainset,00000213,0.9969250046043582,0.9996476122028849,0.9942171871342473,810,13365
candidate,val,trainset,00000213,0.9959063955320697,0.9998822427265257,0.9919620415557735,270,18577
baseline,val,trainset,00000216,0.9879216047275642,0.9761315026012695,1.0,31280,0
candidate,val,trainset,00000216,0.9906885126053772,0.9815510924401988,0.9999976548465722,24044,3
baseline,val,trainset,00000226,0.9782828851130865,0.9830949284785435,0.9735177201724428,598,946
candidate,val,trainset,00000226,0.9783532778720837,0.9805956297983632,0.9761211578299087,690,853
baseline,val,trainset,00000245,0.9797140817256745,0.9602348363120872,1.0,140816,0
candidate,val,trainset,00000245,0.9871094484842432,0.9745919725021769,0.9999526522670742,88645,161
baseline,val,trainset,00000248,0.9955648925272592,0.9990131262501784,0.9921403810469773,1190,9543
candidate,val,trainset,00000248,0.9908926287551597,0.9999253631835873,0.9820216261002273,89,21829
baseline,val,trainset,00000263,0.9774679982596064,0.9568605483665676,0.9989826109525045,13015,294
candidate,val,trainset,00000263,0.9837998011972646,0.97289898620755,0.9949476598321654,8009,1460
baseline,val,trainset,00000270,0.994150414104348,0.993753432791509,0.994547712713486,2104,1835
candidate,val,trainset,00000270,0.9935866972757244,0.9963340852392405,0.9908544194725395,1227,3078
baseline,val,trainset,00000313,0.9956116145737007,0.9972341411412984,0.9939943592177748,5599,12197
candidate,val,trainset,00000313,0.9938248542811094,0.9988074172875756,0.9888917556737722,2398,22560
baseline,val,trainset,00000323,0.9852924587592593,0.9977100399247196,0.9731801782682513,421,5055
candidate,val,trainset,00000323,0.9826703596331462,0.9982811097243206,0.9675403225806452,314,6118
baseline,val,trainset,00000337,0.9918304329154823,0.9869806883359642,0.9967280733944954,8957,2229
candidate,val,trainset,00000337,0.9917908107145014,0.9949156848610897,0.988685504587156,3442,7708
baseline,val,trainset,00000338,0.99657892500698,0.9936629612401628,0.9995120532864548,13351,1022
candidate,val,trainset,00000338,0.9975237658605051,0.9967460560349554,0.9983026902478932,6826,3555
baseline,val,trainset,00000345,0.991167267480049,0.9956504210342563,0.986724305888798,2093,6446
candidate,val,trainset,00000345,0.9903920930222913,0.9973040418489554,0.9835752931218065,1291,7975
baseline,val,trainset,00000348,0.991789522654266,0.9929367113944125,0.9906449816624743,1835,2436
candidate,val,trainset,00000348,0.9898670669036627,0.9971242869166744,0.9827147218648592,738,4501
baseline,val,trainset,00000349,0.9946100956120996,0.9962947542588022,0.9929311246072847,2741,5247
candidate,val,trainset,00000349,0.9930853408277686,0.998173501066365,0.9880487910027106,1342,8871
baseline,val,trainset,00000352,0.9925155173790443,0.98983667430837,0.9952088995638708,2425,1137
candidate,val,trainset,00000352,0.9928562534689906,0.9945122312134819,0.9912057813454691,1298,2087
baseline,val,trainset,00000356,0.9872606144292123,0.9936176756324839,0.980984379722158,4441,13402
candidate,val,trainset,00000356,0.9790354878586558,0.9980014767848536,0.9607769133740737,1356,27644
baseline,val,trainset,00000359,0.9826399898843509,0.9658750730364564,0.9999971718873155,124926,10
candidate,val,trainset,00000359,0.9889180438672371,0.9791581996303983,0.9988744111515877,75179,3980
baseline,val,trainset,00000379,0.9952144304483662,0.9991026171153791,0.9913563896122035,714,6931
candidate,val,trainset,00000379,0.9923058074001471,0.9999316218536556,0.9847954266558918,54,12192
baseline,val,trainset,00000382,0.9871357696801148,0.9963741052315237,0.9780671751547696,1665,10260
candidate,val,trainset,00000382,0.9740830513175536,0.9997299675285953,0.9497191059274207,120,23521
baseline,val,trainset,00000387,0.9972178409711534,0.9952358754701824,0.999207716206398,9750,1615
candidate,val,trainset,00000387,0.9977458417564719,0.9980502344431093,0.9974416346850562,3972,5215
baseline,val,trainset,00000401,0.994738426526358,0.9941806337344108,0.9952968455776583,4613,3724
candidate,val,trainset,00000401,0.9936825021475689,0.9976373422136677,0.9897588938746592,1856,8109
baseline,val,trainset,00000409,0.9914305718078477,0.9993846220640361,0.9836021335572664,1304,35305
candidate,val,trainset,00000409,0.9890096684123262,0.9997039072850196,0.9785418091019886,624,46200
baseline,val,trainset,00000417,0.9867120738130123,0.9994817563805737,0.974264573633348,323,16455
candidate,val,trainset,00000417,0.9790748151394467,0.999892387210383,0.9591063996834488,66,26147
baseline,val,GS,00018430,0.6434126389444448,0.47428765549150326,1.0,1265878,0
candidate,val,GS,00018430,0.9942932172941105,0.9900484943822566,0.9985744944840467,11463,1628
baseline,val,GS,00018431,0.2965356627249282,0.17407799872070012,1.0,1541704,0
candidate,val,GS,00018431,0.837618537552413,0.7206471087926151,0.9999199857205285,125951,26
baseline,val,GS,00018435,0.5805050083104053,0.4089517833517979,1.0,1758411,0
candidate,val,GS,00018435,0.994234688239791,0.9937999188651634,0.9946698381882875,7550,6485
baseline,val,TS,00018450,0.6365001922707172,0.47868956168097604,0.9495356925172995,57683,2815
candidate,val,TS,00018450,0.9536298355749564,0.9421593155693966,0.9653830984905525,3306,1931
baseline,val,TS,00018451,0.9806643045777036,0.963946007393659,0.9979727480543903,23660,1285
candidate,val,TS,00018451,0.9767583480242938,0.9549998492659251,0.9995314444919485,29854,297
baseline,val,TS,00018455,0.8126329309157173,0.958713926975234,0.7051829186972973,31879,309486
candidate,val,TS,00018455,0.8343012732388861,1.0,0.715709174322414,0,298436
baseline,test,testset,00000458,0.9931070330186771,0.9889110770548564,0.9973387476421817,27937,6648
candidate,test,testset,00000458,0.9930890122139149,0.9959612755943238,0.9902332678962016,10031,24398
baseline,test,testset,00000459,0.9917711456751688,0.9872572546296688,0.9963265027088923,37622,10747
candidate,test,testset,00000459,0.9821882960496822,0.9988715041545471,0.966053220761908,3193,99313
baseline,test,testset,00000460,0.9949862724635936,0.9967369397755377,0.9932417441082382,7357,15291
candidate,test,testset,00000460,0.9937167776114962,0.9984592896401618,0.9890191048570517,3453,24845
baseline,test,testset,00000461,0.9831716274735515,0.9925431982623854,0.9739753736712778,1617,5751
candidate,test,testset,00000461,0.9771942809315967,0.9961640435493879,0.9589334926216043,816,9075
baseline,test,testset,00000462,0.8805337669623245,0.7877561979960416,0.9980823920265781,202356,1443
candidate,test,testset,00000462,0.9927167994528249,0.9979533844360526,0.9875348837209302,1524,9380
baseline,test,testset,00000463,0.9905921559817629,0.9824803365437328,0.9988390405690462,27324,1781
candidate,test,testset,00000463,0.9901529158031361,0.984558609804403,0.995811159290674,23959,6426
baseline,test,testset,00000464,0.8095357235442,0.6800168132338381,1.0,379110,0
candidate,test,testset,00000464,0.908951013369631,0.8330982609468937,1.0,161407,0
baseline,test,testset,00000465,0.9604805406444146,0.9257707663747522,0.9978944360472549,212802,5600
candidate,test,testset,00000465,0.9468309012404789,0.9959804455002779,0.9023040885540039,9685,259834
baseline,test,testset,00000466,0.8530792019737465,0.76925420900399,0.957407054413178,144634,21451
candidate,test,testset,00000466,0.9656182399065932,0.9723248941070365,0.9590034708157609,13747,20647
baseline,test,testset,00000467,0.9660701652022833,0.9343846224648263,0.9999800895550854,201032,57
candidate,test,testset,00000467,0.9726645435244161,0.9562992044918682,0.9895997616335507,129464,29774
baseline,test,testset,00000468,0.9723415406183229,0.9467621484066844,0.9993415093692346,126130,1478
candidate,test,testset,00000468,0.9822694749155839,0.9889655458947757,0.9756634694080312,24434,54624
baseline,test,testset,00000469,0.983818711010385,0.968185316116801,0.999965260159298,93640,99
candidate,test,testset,00000469,0.9900069910370469,0.985464244029082,0.9945918138899007,41807,15412
baseline,test,testset,00000470,0.9800050376126864,0.9625031374215128,0.9981552258657879,145360,6896
candidate,test,testset,00000470,0.9608765365965994,0.9986179484353387,0.925884005546093,4790,277055
baseline,test,testset,00000471,0.9851638198283834,0.9717569698768918,0.9989457803410045,87715,3185
candidate,test,testset,00000471,0.9800950896394454,0.9974171072011887,0.9633644601203764,7537,110683
baseline,test,testset,00000472,0.9897926064224783,0.981900195382591,0.9978129222964417,36314,4318
candidate,test,testset,00000472,0.9857677872213784,0.9875811288468684,0.9839610925055867,24429,31666
baseline,test,testset,00000473,0.9957616145917989,0.9918932605681816,0.9996602596794427,21355,888
candidate,test,testset,00000473,0.9969436319221857,0.9973952619193955,0.9964924107445172,6802,9168
baseline,test,testset,00000474,0.9946072779475026,0.9934417619948661,0.9957755319026687,12013,7720
candidate,test,testset,00000474,0.9941332449634953,0.9967615358252693,0.9915187783626246,5887,15499
baseline,test,testset,00000475,0.9637804360448669,0.9315284942818536,0.9983457657074563,217234,4897
candidate,test,testset,00000475,0.9452619305968615,0.9877979674202527,0.906237986786394,33139,277562
baseline,test,testset,00000476,0.9942405459910465,0.9979504897819631,0.9905580839343993,5347,24817
candidate,test,testset,00000476,0.9913299730123502,0.9993388984424293,0.9834483976097879,1710,43504
baseline,test,testset,00000477,0.993376427950745,0.9961743217072387,0.9905942067211774,2250,5563
candidate,test,testset,00000477,0.9837200592372686,0.9998288771547509,0.9681220876363612,98,18854
baseline,test,testset,00000478,0.9571205627742585,0.91926535755553,0.9982274132306845,246155,4977
candidate,test,testset,00000478,0.942669982072026,0.9935556809527379,0.8967426358582514,16331,289922
baseline,test,testset,00000479,0.979795708665256,0.9605539389851424,0.9998241370384064,120704,517
candidate,test,testset,00000479,0.9882546410873284,0.9834891795862912,0.9930665091950477,49011,20383
baseline,test,testset,00000480,0.9943308391625436,0.9932762895714317,0.9953876303389692,3452,2363
candidate,test,testset,00000480,0.9935807325977902,0.9972960482974936,0.9898929961469244,1375,5178
baseline,test,testset,00000481,0.9901648966866434,0.9888977131515476,0.9914353319521454,41589,32001
candidate,test,testset,00000481,0.9699047582340286,0.9985108862041004,0.942892042788815,5254,213378
baseline,test,testset,00000482,0.9885002996419354,0.9852805715175494,0.9917411397967312,39230,21868
candidate,test,testset,00000482,0.9645778524453018,0.9984338004851783,0.9329426476014446,3875,177556
baseline,test,testset,00000483,0.9710898914816585,0.9447324517267428,0.9989602526932292,158613,2822
candidate,test,testset,00000483,0.9378667265043159,0.999798122034396,0.8831603307295437,484,317117
baseline,test,testset,00000484,0.9937663268040596,0.9893234622372695,0.9982492755101973,16048,2608
candidate,test,testset,00000484,0.9934968774715978,0.9894787447471962,0.9975477773921589,15801,3653
baseline,test,testset,00000485,0.9568417581656622,0.917254659737057,1.0,290433,0
candidate,test,testset,00000485,0.9897240905631424,0.9858532329546172,0.9936254650913223,45905,20523
baseline,test,testset,00000486,0.9904562715552527,0.993252333082635,0.987675907980113,1274,2340
candidate,test,testset,00000486,0.9848002412744844,0.9983009117718676,0.9716598550602511,314,5381
baseline,test,testset,00000487,0.9939975700757413,0.9981739376981347,0.9898560047503587,6331,35465
candidate,test,testset,00000487,0.9864162173497979,0.9998043341455719,0.9733819162011317,666,93061
baseline,test,testset,00000488,0.9899978751153705,0.9993566585390895,0.9808127518212152,2143,65122
candidate,test,testset,00000488,0.9747589954467142,0.9999996901058227,0.950761116962898,1,167118
baseline,test,testset,00000489,0.9613026332527668,0.9330548187573176,0.9913142250399718,46086,5628
candidate,test,testset,00000489,0.9907152182246403,0.9983451569985285,0.9832010198223337,1056,10885
baseline,test,testset,00000490,0.9914320914512589,0.9872930509595443,0.995605982344863,39544,13560
candidate,test,testset,00000490,0.9680689134505346,0.9996448082810412,0.938426721330493,1029,190016
baseline,test,testset,00000491,0.9922341515343348,0.9962511715089035,0.9882493958057224,1908,6029
candidate,test,testset,00000491,0.9892009318693417,0.9978819189655515,0.9806696811413425,1068,9918
baseline,test,testset,00000492,0.810285782043021,0.6810759843103107,1.0,486384,0
candidate,test,testset,00000492,0.9560011008238691,0.9157415113769414,0.9999634155968938,95568,38
baseline,test,testset,00000493,0.9815471972462,0.9637630674609459,1.0,60179,0
candidate,test,testset,00000493,0.9841288190307829,0.9687705610149537,0.9999818810019181,51594,29
baseline,test,testset,00000494,0.987561144168313,0.9755964510199914,0.9998229505675504,80658,571
candidate,test,testset,00000494,0.9937116673853628,0.9942230548902902,0.9932008056834418,18612,21928
baseline,test,testset,00000495,0.9886943318061334,0.9795917479979164,0.9979676687459524,23468,2294
candidate,test,testset,00000495,0.9877895197458124,0.9836755886750879,0.9919380059233508,18581,9100
baseline,test,testset,00000496,0.767127911694449,0.6300807577029504,0.9803642839290178,478994,16341
candidate,test,testset,00000496,0.9821424223387729,0.9952527116787241,0.9693730413550459,3848,25488
baseline,test,testset,00000497,0.984861340426833,0.9711253433485406,0.9989914877355826,53633,1821
candidate,test,testset,00000497,0.9885207240803645,0.9813682665599792,0.9957782048370929,34136,7623
baseline,test,testset,00000498,0.9623372060791325,0.9284175930919611,0.9988293014436586,240237,3652
candidate,test,testset,00000498,0.9548729954997781,0.9842194073013951,0.9272259541177206,46377,227019
baseline,test,testset,00000499,0.9932885925891308,0.9899764076201942,0.9966230152535602,34002,11379
candidate,test,testset,00000499,0.972578775488429,0.9997922282067602,0.9468075192887885,663,179236
baseline,test,testset,00000500,0.9608118505304292,0.9245792987736177,1.0,178727,0
candidate,test,testset,00000500,0.9739808405504868,0.9508739666412335,0.998238709415351,112997,3859
baseline,test,testset,00000501,0.9446398955647876,0.9009226107162224,0.992816324417378,50612,3330
candidate,test,testset,00000501,0.9336153760513345,0.8793869725956616,0.9949714270921646,63259,2331
baseline,test,testset,00000502,0.9894384953662353,0.9793530973690081,0.999733773983292,71172,899
candidate,test,testset,00000502,0.9937507156261992,0.9928468476351056,0.9946562308437203,24199,18045
baseline,test,testset,00000503,0.9948834608476014,0.9924427667508803,0.9973361892376605,8935,3134
candidate,test,testset,00000503,0.9947464519806455,0.9971482402618256,0.9923562060670967,3339,8993
baseline,test,testset,00000504,0.9779869394012576,0.95692215403618,1.0,116765,0
candidate,test,testset,00000504,0.9823882767789169,0.9654084410163225,0.9999760967818172,92936,62
baseline,test,testset,00000505,0.9782584818533191,0.9579702994912384,0.9994245957361956,119184,1564
candidate,test,testset,00000505,0.9488264467283269,0.9996932635294002,0.9028854463558772,753,263966
baseline,test,testset,00000506,0.8349077445048038,0.7166022609513828,1.0,1057807,0
candidate,test,testset,00000506,0.9354556216742704,0.878738022312903,1.0,369108,0
baseline,test,testset,00000507,0.9680902766556982,0.9435586171459769,0.9939315872334336,45695,4664
candidate,test,testset,00000507,0.9708064778205059,0.9512790574249018,0.991152399911524,39015,6800
baseline,external,MYG,00018458,0.46625272931735345,0.3061083197596086,0.9778022482220693,241543,2419
candidate,external,MYG,00018458,0.934934363612416,0.8962919314785975,0.9770589584767149,12320,2500
baseline,external,MYG,00018459,0.964702962854654,0.9421721229869406,0.9883377956693188,57503,11055
candidate,external,MYG,00018459,0.9933863911852441,0.997341683990026,0.9894623465346744,2500,9989
baseline,external,MYG,00018460,0.3374226750532827,0.20332346630330936,0.9910680204595771,203468,468
candidate,external,MYG,00018460,0.8458918308118786,0.7367698081144233,0.9929574776700512,18588,369
baseline,external,MYG,00018461,0.7997438559624985,0.6740430615741735,0.983075406378247,311033,11073
candidate,external,MYG,00018461,0.9901061058827755,0.9898965978745119,0.9903157025930257,6613,6336
baseline,external,MYG,00018462,0.8779019163215289,0.7853626846487715,0.9951617585965973,460895,8199
candidate,external,MYG,00018462,0.9897213329369579,0.9844359248744394,0.995063801763695,26660,8365
baseline,external,MYG,00018463,0.6788263797753133,0.5199350502311351,0.9775703263725195,260766,6480
candidate,external,MYG,00018463,0.9710727890314507,0.9645565902750032,0.9776776288235152,10379,6449
baseline,external,MYG,00018464,0.5651623315616138,0.39404143130767183,0.9989989392051247,1491667,972
candidate,external,MYG,00018464,0.7804613448857252,0.6432451093517955,0.9920934735367725,534259,7677
baseline,external,MYG,00018465,0.9772682375799899,0.9556531732470399,0.9998837129275626,58654,147
candidate,external,MYG,00018465,0.988463025731515,0.9772383242236121,0.9999485805462012,29442,65
baseline,external,MYG,00018466,0.9863284136623087,0.9733436244111463,0.9996643315660627,50078,614
candidate,external,MYG,00018466,0.9911267910543401,0.982501489320671,0.9999048757206758,32575,174
baseline,external,MYG,00018467,0.979934477235124,0.9927675602035501,0.9674289358600583,2166,10010
candidate,external,MYG,00018467,0.984827129300658,0.9829437162083318,0.9867177738442315,5262,4082
baseline,external,TEMP15,00018478,0.9692163479565055,0.9409216656959813,0.9992655017782589,1623,19
candidate,external,TEMP15,00018478,0.9727591273878151,0.9487028735209818,0.9980671099427865,1396,50
baseline,external,TEMP15,00018479,0.9929859630812231,0.986279365689999,0.9997843932591959,14837,230
candidate,external,TEMP15,00018479,0.9949435585189228,0.9988464296477974,0.9910710686688721,1221,9525
baseline,external,TEMP15,00018480,0.9833563859295713,0.9672640523068314,0.9999932336423303,20007,4
candidate,external,TEMP15,00018480,0.990753390786582,0.9818931230749295,0.9997750186074836,10899,133
baseline,external,TEMP15,00018481,0.9256075773933048,0.8615172239837582,1.0,101020,0
candidate,external,TEMP15,00018481,0.9800275616373828,0.961062163485071,0.9997565465895041,25456,153
baseline,external,TEMP15,00018482,0.9605277072089189,0.9240532084119446,1.0,78013,0
candidate,external,TEMP15,00018482,0.9699145898273148,0.9415912418606681,0.99999473236739,58880,5
baseline,external,TEMP15,00018483,0.9615841280784404,0.9261130989708215,0.9998805209287507,2003,3
candidate,external,TEMP15,00018483,0.9611423758661614,0.9252939225297608,0.9998805209287507,2027,3
baseline,external,TEMP15,00018484,0.9411611255281858,0.8888615144562668,1.0,64959,0
candidate,external,TEMP15,00018484,0.9656636325954785,0.9336069609721209,1.0,36946,0
baseline,external,TEMP15,00018485,0.9597283221015719,0.9225746912964399,1.0,80710,0
candidate,external,TEMP15,00018485,0.9714981298946629,0.9445861542979666,0.9999885620881052,56418,11
baseline,external,TEMP15,00018486,0.776064876665607,0.6340735402309206,1.0,487436,0
candidate,external,TEMP15,00018486,0.8618986027455272,0.7573126654837168,1.0,270667,0
baseline,external,TEMP15,00018487,0.11621492719495449,0.061776359596037514,0.9784053753009234,1654214,2404
candidate,external,TEMP15,00018487,0.7491202372233436,0.7448756660746003,0.7534134598110022,28727,27451
